feature,importance,rank,importance_pct,cumulative_pct,category
rec__player_roll10,589.104736328125,1,27.98,27.98,rolling
targets__player_roll10,53.959388732910156,2,2.56,30.54,rolling
targets__player_roll5,38.77309799194336,3,1.84,32.38,rolling
rec__player_roll5,38.69203567504883,4,1.84,34.22,rolling
rec__player_hist_z,35.142330169677734,5,1.67,35.89,historical
rec__player_roll3,23.787527084350586,6,1.13,37.02,rolling
rec_yds__player_hist_z,20.955142974853516,7,1.0,38.02,historical
targets__player_roll3,19.391206741333008,8,0.92,38.94,rolling
is_rb,19.343212127685547,9,0.92,39.86,indicators
rec_target_int__player_roll5,18.040311813354492,10,0.86,40.72,rolling
rec_yac__player_hist_z,17.01209259033203,11,0.81,41.53,historical
rec_yds__player_roll5,16.67109489440918,12,0.79,42.32,rolling
rec_td__player_roll10,16.19489097595215,13,0.77,43.09,rolling
rec_yac__player_hist,16.03309440612793,14,0.76,43.85,historical
rec_broken_tackles_per_rec__player_std5,15.326533317565918,15,0.73,44.58,rolling
rec_td__player_roll3,14.855232238769531,16,0.71,45.29,rolling
rec_yac__player_roll10,14.815642356872559,17,0.7,45.99,rolling
rec_yds__player_roll3,14.202230453491211,18,0.67,46.66,rolling
rec_td__player_std5,13.713359832763672,19,0.65,47.31,rolling
rec_td__player_hist,13.69080924987793,20,0.65,47.96,historical
rec_broken_tackles_per_rec__player_roll5,13.687907218933105,21,0.65,48.61,rolling
rec_drop_pct__player_std3,13.638691902160645,22,0.65,49.26,rolling
rec_drop_pct__player_std5,13.34572696685791,23,0.63,49.89,rolling
rec_adot__player_roll5,13.270404815673828,24,0.63,50.52,rolling
rec_drop_pct__player_roll3,13.120383262634277,25,0.62,51.14,rolling
targets__player_hist_z,12.925772666931152,26,0.61,51.75,historical
is_wr,12.913190841674805,27,0.61,52.36,indicators
rec_broken_tackles_per_rec__player_roll3,12.863396644592285,28,0.61,52.97,rolling
rec_yac_per_rec__player_hist,12.859952926635742,29,0.61,53.58,historical
rec_pass_rating__player_hist_z,12.755495071411133,30,0.61,54.19,historical
rec_target_int__player_std10,12.591753959655762,31,0.6,54.79,rolling
rec_yac__player_roll5,12.310432434082031,32,0.58,55.37,rolling
rec_target_int__player_std5,12.28134822845459,33,0.58,55.95,rolling
rec_yds__player_hist,12.168028831481934,34,0.58,56.53,historical
rec_pass_rating__player_hist,12.104351043701172,35,0.57,57.1,historical
rec_td__player_hist_z,11.883667945861816,36,0.56,57.66,historical
targets__player_std5,11.881546974182129,37,0.56,58.22,rolling
rec_broken_tackles_per_rec__player_std10,11.81411361694336,38,0.56,58.78,rolling
rec_yds__player_roll10,11.773634910583496,39,0.56,59.34,rolling
rec_yac_per_rec__player_roll10,11.758699417114258,40,0.56,59.9,rolling
rec_air_yds_per_rec__player_hist_z,11.725908279418945,41,0.56,60.46,historical
rec_broken_tackles_per_rec__player_std3,11.714563369750977,42,0.56,61.02,rolling
rec_air_yds__player_hist_z,11.710429191589355,43,0.56,61.58,historical
player_vs_opp_games,11.67659854888916,44,0.55,62.13,matchup
rec_drop_pct__player_roll10,11.641441345214844,45,0.55,62.68,rolling
rec_air_yds_per_rec__player_roll10,11.507264137268066,46,0.55,63.23,rolling
targets__player_hist,11.4576416015625,47,0.54,63.77,historical
team_implied_total,11.404516220092773,48,0.54,64.31,lines
rec_yac__player_roll3,11.209972381591797,49,0.53,64.84,rolling
rec_air_yds__player_std3,11.187286376953125,50,0.53,65.37,rolling
rec_yds__player_std10,11.057259559631348,51,0.53,65.9,rolling
rec_yac_per_rec__player_hist_z,11.025419235229492,52,0.52,66.42,historical
rec_yac_per_rec__player_roll3,11.006950378417969,53,0.52,66.94,rolling
rec__player_std10,10.915149688720703,54,0.52,67.46,rolling
targets__player_std3,10.756793022155762,55,0.51,67.97,rolling
rec_broken_tackles_per_rec__player_hist_z,10.641583442687988,56,0.51,68.48,historical
rec_td__player_roll5,10.633883476257324,57,0.51,68.99,rolling
rec_yac_per_rec__player_roll5,10.6263427734375,58,0.5,69.49,rolling
weeks_from_bye,10.583312034606934,59,0.5,69.99,other
rec_target_int__player_std3,10.51866626739502,60,0.5,70.49,rolling
rec_pass_rating__player_roll10,10.516589164733887,61,0.5,70.99,rolling
rec_target_int__player_hist,10.502422332763672,62,0.5,71.49,historical
rec_broken_tackles_per_rec__player_hist,10.460613250732422,63,0.5,71.99,historical
rec_yac_per_rec__player_std3,10.45226764678955,64,0.5,72.49,rolling
rec_air_yds__player_roll10,10.437507629394531,65,0.5,72.99,rolling
spread_magnitude,10.424565315246582,66,0.5,73.49,lines
rec_air_yds_per_rec__player_std5,10.369115829467773,67,0.49,73.98,rolling
player_vs_opp_avg,10.365626335144043,68,0.49,74.47,matchup
rec_pass_rating__player_roll5,10.269600868225098,69,0.49,74.96,rolling
targets__player_std10,10.211273193359375,70,0.49,75.45,rolling
rec_drop_pct__player_std10,10.088873863220215,71,0.48,75.93,rolling
rec__player_std5,10.078120231628418,72,0.48,76.41,rolling
rec_target_int__player_hist_z,10.030475616455078,73,0.48,76.89,historical
rec_target_int__player_roll10,10.00260066986084,74,0.48,77.37,rolling
rec_air_yds_per_rec__player_std3,9.977334022521973,75,0.47,77.84,rolling
rec_drop_pct__player_hist_z,9.953775405883789,76,0.47,78.31,historical
rec_adot__player_hist,9.943365097045898,77,0.47,78.78,historical
rec__player_hist,9.912884712219238,78,0.47,79.25,historical
rec_adot__player_roll10,9.827225685119629,79,0.47,79.72,rolling
rec_yac_per_rec__player_std10,9.822011947631836,80,0.47,80.19,rolling
rec_air_yds__player_hist,9.801190376281738,81,0.47,80.66,historical
rec_yds__player_std3,9.800432205200195,82,0.47,81.13,rolling
rec_adot__player_roll3,9.762476921081543,83,0.46,81.59,rolling
opp_rec_allowed_hist,9.623369216918945,84,0.46,82.05,defense
yds_per_target__hist,9.60244369506836,85,0.46,82.51,historical
rec_air_yds_per_rec__player_roll5,9.529272079467773,86,0.45,82.96,rolling
rec_air_yds__player_std5,9.516583442687988,87,0.45,83.41,rolling
opp_implied_total,9.499733924865723,88,0.45,83.86,lines
rec_adot__player_std3,9.467961311340332,89,0.45,84.31,rolling
rec_pass_rating__player_std3,9.410615921020508,90,0.45,84.76,rolling
rec_drop_pct__player_hist,9.302949905395508,91,0.44,85.2,historical
rec_pass_rating__player_roll3,9.300555229187012,92,0.44,85.64,rolling
rec_air_yds__player_roll5,9.26607894897461,93,0.44,86.08,rolling
rec_td__player_std10,9.232802391052246,94,0.44,86.52,rolling
rec_broken_tackles_per_rec__player_roll10,9.197998046875,95,0.44,86.96,rolling
rec_yac_per_rec__player_std5,9.16524887084961,96,0.44,87.4,rolling
rec_yac__player_std5,9.12545108795166,97,0.43,87.83,rolling
catch_rate__player_hist_z,9.081510543823242,98,0.43,88.26,historical
rec_pass_rating__player_std5,9.054521560668945,99,0.43,88.69,rolling
rec_adot__player_std5,9.004962921142578,100,0.43,89.12,rolling
rec__player_std3,8.974828720092773,101,0.43,89.55,rolling
catch_rate__player_roll5,8.847713470458984,102,0.42,89.97,rolling
rec_yac__player_std3,8.814459800720215,103,0.42,90.39,rolling
rec_yac__player_std10,8.788676261901855,104,0.42,90.81,rolling
rec_yds__player_std5,8.714533805847168,105,0.41,91.22,rolling
rec_td_rate__hist,8.714315414428711,106,0.41,91.63,historical
is_te,8.683709144592285,107,0.41,92.04,indicators
rec_pass_rating__player_std10,8.665958404541016,108,0.41,92.45,rolling
game_total,8.611446380615234,109,0.41,92.86,lines
rec_air_yds_per_rec__player_hist,8.609905242919922,110,0.41,93.27,historical
catch_rate__player_roll10,8.367904663085938,111,0.4,93.67,rolling
catch_rate__player_std5,8.346041679382324,112,0.4,94.07,rolling
rec_drop_pct__player_roll5,8.346027374267578,113,0.4,94.47,rolling
catch_rate__player_std3,8.234647750854492,114,0.39,94.86,rolling
days_rest,8.231575965881348,115,0.39,95.25,other
rec_adot__player_hist_z,8.18432903289795,116,0.39,95.64,historical
rec_adot__player_std10,8.161661148071289,117,0.39,96.03,rolling
rec_air_yds__player_std10,8.124088287353516,118,0.39,96.42,rolling
rec_air_yds__player_roll3,8.0040283203125,119,0.38,96.8,rolling
yds_per_rec__hist,7.96590518951416,120,0.38,97.18,historical
rec_air_yds_per_rec__player_roll3,7.791836738586426,121,0.37,97.55,rolling
catch_rate__player_roll3,7.776414394378662,122,0.37,97.92,rolling
rec_air_yds_per_rec__player_std10,7.679862976074219,123,0.36,98.28,rolling
catch_rate__player_std10,7.212141036987305,124,0.34,98.62,rolling
rec_target_int__player_roll3,7.15879487991333,125,0.34,98.96,rolling
rec_td__player_std3,6.614531993865967,126,0.31,99.27,rolling
is_favorite,6.281135082244873,127,0.3,99.57,lines
catch_rate__player_hist,5.466924667358398,128,0.26,99.83,historical
catch_rate__hist,3.9855995178222656,129,0.19,100.02,historical
