feature1,feature2,correlation
pass_att__player_hist,pass_cmp__player_hist,0.9783417156525871
qb_rush_yds__player_hist,qb_rush_yds__player_hist_z,0.9771963048712858
pass_att__player_roll10,pass_cmp__player_roll10,0.9755417363634267
pass_att__player_hist_z,pass_cmp__player_hist_z,0.9733351675645956
pass_att__player_roll5,pass_cmp__player_roll5,0.970003929262983
qb_rush_att__player_hist,qb_rush_att__player_hist_z,0.9680157727752824
qb_rush_att__player_hist,qb_rush_att__player_roll10,0.9669069829925511
qb_rush_yac__player_hist,qb_rush_yac__player_hist_z,0.9642537714509398
pass_att__player_roll3,pass_cmp__player_roll3,0.9632959592177648
qb_rush_att__player_roll10,qb_rush_att__player_roll5,0.9591958296833263
qb_rush_yds__player_hist,qb_rush_yds__player_roll10,0.9580889381934984
pass_cmp__player_hist,pass_yds__player_hist,0.9567689584432152
pass_att__player_hist,pass_att__player_roll10,0.9548883875139248
pass_cmp__player_hist,pass_cmp__player_roll10,0.9535485179828139
pass_air_yds__player_hist,pass_yds__player_hist,0.9532964844894554
qb_rush_att__player_hist_z,qb_rush_yds__player_hist_z,0.9516931915500279
qb_rush_yds__player_roll10,qb_rush_yds__player_roll5,0.9514152349899947
qb_rush_td__player_hist,qb_rush_td__player_hist_z,0.9513681232141823
qb_rush_att__player_roll3,qb_rush_att__player_roll5,0.9512736974435458
qb_rush_att__player_hist,qb_rush_yds__player_hist,0.9509920690584129
pass_yds__player_hist,pass_yds__player_roll10,0.949832971208234
pass_poor_throw_pct__player_hist,pass_poor_throw_pct__player_roll10,0.9484466631218195
pass_yac__player_hist,pass_yac__player_roll10,0.9482027627514041
pass_first_down_pct__player_hist,pass_first_down_pct__player_roll10,0.9480736220600356
pass_tgt_yds_per_att__player_hist,pass_tgt_yds_per_att__player_roll10,0.9478888473300932
pass_cmp__player_hist_z,pass_yds__player_hist_z,0.9466686214966119
pass_cmp__player_roll10,pass_yds__player_roll10,0.9455670972807207
qb_rush_yds__player_roll3,qb_rush_yds__player_roll5,0.9451516288845174
pass_air_yds__player_hist_z,pass_yds__player_hist_z,0.9448673105652441
pass_cmp__player_roll10,pass_cmp__player_roll5,0.9445052251619258
pass_att__player_roll10,pass_att__player_roll5,0.9434269760900048
pass_yac_per_cmp__player_hist,pass_yac_per_cmp__player_roll10,0.9427456263719987
pass_rating__player_hist,pass_rating__player_roll10,0.9425797096460095
pass_yds__player_roll10,pass_yds__player_roll5,0.9420575776301859
pass_yac__player_hist,pass_yds__player_hist,0.9408321504693277
pass_air_yds__player_roll10,pass_yds__player_roll10,0.9407752364061567
pass_cmp__player_roll3,pass_cmp__player_roll5,0.939657022746943
pass_att__player_hist,pass_yds__player_hist,0.9392155292012226
pass_hits__player_hist,pass_hits__player_hist_z,0.9389287270856641
pass_att__player_roll3,pass_att__player_roll5,0.9378363230141775
qb_rush_yds__player_hist_z,qb_rush_yds__player_roll10,0.9374829134778131
qb_rush_att__player_hist_z,qb_rush_att__player_roll10,0.9369609544231727
pass_yds__player_roll3,pass_yds__player_roll5,0.9363454366641282
qb_rush_broken_tackles__player_hist,qb_rush_broken_tackles__player_hist_z,0.936287013538377
qb_rush_yac__player_hist,qb_rush_yac__player_roll10,0.9359488505653025
pass_cmp__player_roll5,pass_yds__player_roll5,0.9355455830891648
pass_att__player_roll10,pass_cmp__player_hist,0.9351383441960086
pass_air_yds_per_att__player_hist,pass_air_yds_per_att__player_roll10,0.9345583658300622
pass_pressured_pct__player_hist,pass_pressured_pct__player_roll10,0.9344228730041574
qb_rush_yac__player_roll10,qb_rush_yac__player_roll5,0.933354607758288
qb_rush_att__player_roll10,qb_rush_yds__player_roll10,0.9332429592216638
pass_att__player_hist,pass_cmp__player_roll10,0.9330359311078362
pass_tgt_yds_per_att__player_roll10,pass_tgt_yds_per_att__player_roll5,0.9330118874066645
pass_yac__player_hist_z,pass_yds__player_hist_z,0.9319528364004576
qb_rush_att__player_hist_z,qb_rush_yds__player_hist,0.9311272965492549
pass_first_down_pct__player_roll10,pass_first_down_pct__player_roll5,0.9308040016755025
pass_air_yds__player_hist,pass_air_yds__player_roll10,0.9307175502315803
pass_yac__player_roll10,pass_yac__player_roll5,0.9301578795367069
pass_air_yds_per_cmp__player_hist,pass_air_yds_per_cmp__player_roll10,0.9292075889442442
pass_air_yds__player_roll5,pass_yds__player_roll5,0.9288806445523231
pass_air_yds__player_roll10,pass_air_yds__player_roll5,0.9272641371825826
pass_sacked__player_hist,pass_sacked__player_hist_z,0.9269828721447548
pass_yac__player_roll3,pass_yac__player_roll5,0.9265453038834734
qb_rush_att__player_hist,qb_rush_att__player_roll5,0.9261863271703696
pass_att__player_hist_z,pass_yds__player_hist_z,0.9250656189901861
pass_poor_throw_pct__player_roll10,pass_poor_throw_pct__player_roll5,0.9248849872563439
pass_att__player_roll10,pass_yds__player_roll10,0.9244912364929653
pass_cmp__player_roll3,pass_yds__player_roll3,0.9234094985736075
qb_rush_att__player_roll10,qb_rush_yds__player_hist,0.9232470382840406
pass_rating__player_roll10,pass_rating__player_roll5,0.9221647400873669
pass_att__player_roll10,pass_cmp__player_roll5,0.9218616381422109
pass_yac__player_roll10,pass_yds__player_roll10,0.9217010079904846
qb_rush_att__player_hist,qb_rush_yds__player_hist_z,0.9216784726174738
pass_air_yds__player_roll3,pass_air_yds__player_roll5,0.9204147246486231
pass_att__player_roll5,pass_cmp__player_roll10,0.919577705309889
pass_air_yds__player_roll3,pass_yds__player_roll3,0.9187055033614954
pass_cmp__player_roll10,pass_yds__player_hist,0.9184173995361945
pass_drop_pct__player_hist,pass_drop_pct__player_roll10,0.9163403888079125
qb_rush_yac__player_roll3,qb_rush_yac__player_roll5,0.9159529261336633
pass_td__player_hist,pass_td__player_hist_z,0.9158829410569684
pass_pressured_pct__player_roll10,pass_pressured_pct__player_roll5,0.9139532229739771
pass_tgt_yds_per_att__player_roll3,pass_tgt_yds_per_att__player_roll5,0.9125032720424171
pass_hits__player_roll10,pass_hits__player_roll5,0.9124480843949961
pass_air_yds__player_hist,pass_yds__player_roll10,0.9113268891944117
pass_hits__player_hist,pass_hits__player_roll10,0.9113038733747634
pass_yac_per_cmp__player_roll10,pass_yac_per_cmp__player_roll5,0.9110789017948853
pass_att__player_roll3,pass_cmp__player_roll5,0.9110604469407715
qb_rush_yds__player_hist,qb_rush_yds__player_roll5,0.9110210091076116
pass_air_yds_per_att__player_roll10,pass_air_yds_per_cmp__player_roll10,0.9107357283114665
qb_rush_att__player_roll10,qb_rush_att__player_roll3,0.9106058358642855
pass_att__player_roll5,pass_cmp__player_roll3,0.9101649512182544
pass_sacked__player_hist,pass_sacked__player_roll10,0.9099052457829616
pass_att__player_roll5,pass_yds__player_roll5,0.9096465962837723
pass_air_yds_per_att__player_roll10,pass_air_yds_per_att__player_roll5,0.9096447911105301
pass_air_yds_per_att__player_hist,pass_air_yds_per_cmp__player_hist,0.9093499202850562
pass_cmp__player_hist,pass_yac__player_hist,0.9092428173100809
pass_air_yds_per_att__player_roll5,pass_air_yds_per_cmp__player_roll5,0.9086361464836693
qb_rush_att__player_roll5,qb_rush_yds__player_roll5,0.9082939415686069
pass_air_yds_per_cmp__player_roll10,pass_air_yds_per_cmp__player_roll5,0.9082054751085257
pass_air_yds__player_hist,pass_air_yds__player_hist_z,0.907906141820324
pass_first_down_pct__player_roll3,pass_first_down_pct__player_roll5,0.9069831602906705
qb_rush_att__player_hist,qb_rush_yds__player_roll10,0.9067444950528998
pass_yac__player_hist,pass_yac__player_hist_z,0.9067135768763278
pass_air_yds_per_att__player_roll3,pass_air_yds_per_cmp__player_roll3,0.9057410103040673
pass_td__player_hist,pass_td__player_roll10,0.9050385359024353
pass_rating__player_roll3,pass_rating__player_roll5,0.9045393207597526
pass_yac__player_roll5,pass_yds__player_roll5,0.9044224323913314
pass_air_yds__player_hist,pass_cmp__player_hist,0.903988110967521
pass_td__player_roll10,pass_td__player_roll5,0.9039770030027335
pass_cmp__player_hist,pass_cmp__player_hist_z,0.9033545512262617
pass_att__player_roll10,pass_yds__player_hist,0.9031814466292803
pass_cmp__player_hist,pass_yds__player_roll10,0.9024997771674319
pass_yds__player_hist,pass_yds__player_hist_z,0.9008463707138529
qb_rush_yac__player_hist_z,qb_rush_yac__player_roll10,0.9002964017984254
